num_training_steps,avg_reward
1.0,0.6587000505120639
50000.0,-0.093241531679338
100000.0,0.2554043213407211
200000.0,2.224653075437177
25000.0,0.45237689046883917
1.0,3.822701580162853
50000.0,2.8395837928805685
100000.0,1.69349469482799
200000.0,5.3695088214166535
25000.0,2.494337833189218
